{"Version":1,"ManifestType":"Publish","Endpoints":[{"Route":"Components/Layout/ReconnectModal.0z2tf1fhvr.razor.js","AssetFile":"Components/Layout/ReconnectModal.razor.js","Selectors":[],"ResponseHeaders":[{"Name":"Cache-Control","Value":"max-age=31536000, immutable"},{"Name":"Content-Length","Value":"2738"},{"Name":"Content-Type","Value":"text/javascript"},{"Name":"ETag","Value":"\"TPdO1e6h5B0Rpv6AvXSi8bcEUjMePPv4G/XOfV94WS0=\""},{"Name":"Last-Modified","Value":"Fri, 13 Feb 2026 13:52:34 GMT"}],"EndpointProperties":[{"Name":"fingerprint","Value":"0z2tf1fhvr"},{"Name":"integrity","Value":"sha256-TPdO1e6h5B0Rpv6AvXSi8bcEUjMePPv4G/XOfV94WS0="},{"Name":"label","Value":"Components/Layout/ReconnectModal.razor.js"},{"Name":"script-type","Value":"module"}]},{"Route":"Components/Layout/ReconnectModal.razor.js","AssetFile":"Components/Layout/ReconnectModal.razor.js","Selectors":[],"ResponseHeaders":[{"Name":"Cache-Control","Value":"no-cache"},{"Name":"Content-Length","Value":"2738"},{"Name":"Content-Type","Value":"text/javascript"},{"Name":"ETag","Value":"\"TPdO1e6h5B0Rpv6AvXSi8bcEUjMePPv4G/XOfV94WS0=\""},{"Name":"Last-Modified","Value":"Fri, 13 Feb 2026 13:52:34 GMT"}],"EndpointProperties":[{"Name":"integrity","Value":"sha256-TPdO1e6h5B0Rpv6AvXSi8bcEUjMePPv4G/XOfV94WS0="},{"Name":"script-type","Value":"module"}]},{"Route":"ServeHub.ccxgdp1rz9.styles.css","AssetFile":"ServeHub.styles.css","Selectors":[],"ResponseHeaders":[{"Name":"Cache-Control","Value":"max-age=31536000, immutable"},{"Name":"Content-Length","Value":"28871"},{"Name":"Content-Type","Value":"text/css"},{"Name":"ETag","Value":"\"zA06LgQN0DF6WSucpAAr0kNplXbtzGg5SfBkEoG7vGg=\""},{"Name":"Last-Modified","Value":"Fri, 13 Feb 2026 18:03:15 GMT"}],"EndpointProperties":[{"Name":"fingerprint","Value":"ccxgdp1rz9"},{"Name":"integrity","Value":"sha256-zA06LgQN0DF6WSucpAAr0kNplXbtzGg5SfBkEoG7vGg="},{"Name":"label","Value":"ServeHub.styles.css"}]},{"Route":"ServeHub.styles.css","AssetFile":"ServeHub.styles.css","Selectors":[],"ResponseHeaders":[{"Name":"Cache-Control","Value":"no-cache"},{"Name":"Content-Length","Value":"28871"},{"Name":"Content-Type","Value":"text/css"},{"Name":"ETag","Value":"\"zA06LgQN0DF6WSucpAAr0kNplXbtzGg5SfBkEoG7vGg=\""},{"Name":"Last-Modified","Value":"Fri, 13 Feb 2026 18:03:15 GMT"}],"EndpointProperties":[{"Name":"integrity","Value":"sha256-zA06LgQN0DF6WSucpAAr0kNplXbtzGg5SfBkEoG7vGg="}]},{"Route":"app.css","AssetFile":"app.css","Selectors":[],"ResponseHeaders":[{"Name":"Cache-Control","Value":"no-cache"},{"Name":"Content-Length","Value":"2900"},{"Name":"Content-Type","Value":"text/css"},{"Name":"ETag","Value":"\"aNPcLFwdCCGS2v1guSR64Htd4Ly5uclT7taAptnMPbs=\""},{"Name":"Last-Modified","Value":"Fri, 13 Feb 2026 13:52:35 GMT"}],"EndpointProperties":[{"Name":"integrity","Value":"sha256-aNPcLFwdCCGS2v1guSR64Htd4Ly5uclT7taAptnMPbs="}]},{"Route":"app.khy4lop6wu.css","AssetFile":"app.css","Selectors":[],"ResponseHeaders":[{"Name":"Cache-Control","Value":"max-age=31536000, immutable"},{"Name":"Content-Length","Value":"2900"},{"Name":"Content-Type","Value":"text/css"},{"Name":"ETag","Value":"\"aNPcLFwdCCGS2v1guSR64Htd4Ly5uclT7taAptnMPbs=\""},{"Name":"Last-Modified","Value":"Fri, 13 Feb 2026 13:52:35 GMT"}],"EndpointProperties":[{"Name":"fingerprint","Value":"khy4lop6wu"},{"Name":"integrity","Value":"sha256-aNPcLFwdCCGS2v1guSR64Htd4Ly5uclT7taAptnMPbs="},{"Name":"label","Value":"app.css"}]},{"Route":"favicon.ifv42okdf2.png","AssetFile":"favicon.png","Selectors":[],"ResponseHeaders":[{"Name":"Cache-Control","Value":"max-age=31536000, immutable"},{"Name":"Content-Length","Value":"1148"},{"Name":"Content-Type","Value":"image/png"},{"Name":"ETag","Value":"\"4mWsDy3aHl36ZbGt8zByK7Pvd4kRUoNgTYzRnwmPHwg=\""},{"Name":"Last-Modified","Value":"Fri, 13 Feb 2026 13:52:35 GMT"}],"EndpointProperties":[{"Name":"fingerprint","Value":"ifv42okdf2"},{"Name":"integrity","Value":"sha256-4mWsDy3aHl36ZbGt8zByK7Pvd4kRUoNgTYzRnwmPHwg="},{"Name":"label","Value":"favicon.png"}]},{"Route":"favicon.png","AssetFile":"favicon.png","Selectors":[],"ResponseHeaders":[{"Name":"Cache-Control","Value":"max-age=3600, must-revalidate"},{"Name":"Content-Length","Value":"1148"},{"Name":"Content-Type","Value":"image/png"},{"Name":"ETag","Value":"\"4mWsDy3aHl36ZbGt8zByK7Pvd4kRUoNgTYzRnwmPHwg=\""},{"Name":"Last-Modified","Value":"Fri, 13 Feb 2026 13:52:35 GMT"}],"EndpointProperties":[{"Name":"integrity","Value":"sha256-4mWsDy3aHl36ZbGt8zByK7Pvd4kRUoNgTYzRnwmPHwg="}]},{"Route":"js/reconnect-modal.52o3uo3qpq.js","AssetFile":"js/reconnect-modal.js","Selectors":[],"ResponseHeaders":[{"Name":"Cache-Control","Value":"max-age=31536000, immutable"},{"Name":"Content-Length","Value":"2565"},{"Name":"Content-Type","Value":"text/javascript"},{"Name":"ETag","Value":"\"c3UM490YIiaoB6pdQ6ESVELSi9gGRONHSDkkVMzzJEw=\""},{"Name":"Last-Modified","Value":"Fri, 13 Feb 2026 13:52:35 GMT"}],"EndpointProperties":[{"Name":"fingerprint","Value":"52o3uo3qpq"},{"Name":"integrity","Value":"sha256-c3UM490YIiaoB6pdQ6ESVELSi9gGRONHSDkkVMzzJEw="},{"Name":"label","Value":"js/reconnect-modal.js"}]},{"Route":"js/reconnect-modal.js","AssetFile":"js/reconnect-modal.js","Selectors":[],"ResponseHeaders":[{"Name":"Cache-Control","Value":"no-cache"},{"Name":"Content-Length","Value":"2565"},{"Name":"Content-Type","Value":"text/javascript"},{"Name":"ETag","Value":"\"c3UM490YIiaoB6pdQ6ESVELSi9gGRONHSDkkVMzzJEw=\""},{"Name":"Last-Modified","Value":"Fri, 13 Feb 2026 13:52:35 GMT"}],"EndpointProperties":[{"Name":"integrity","Value":"sha256-c3UM490YIiaoB6pdQ6ESVELSi9gGRONHSDkkVMzzJEw="}]},{"Route":"lib/bootstrap/dist/css/bootstrap-grid.css","AssetFile":"lib/bootstrap/dist/css/bootstrap-grid.css","Selectors":[],"ResponseHeaders":[{"Name":"Cache-Control","Value":"no-cache"},{"Name":"Content-Length","Value":"74413"},{"Name":"Content-Type","Value":"text/css"},{"Name":"ETag","Value":"\"f4c8YV1qrr6RSiVYWMQT7R5W2OkT+iXmE5H69/uRvGQ=\""},{"Name":"Last-Modified","Value":"Fri, 13 Feb 2026 13:52:35 GMT"}],"EndpointProperties":[{"Name":"integrity","Value":"sha256-f4c8YV1qrr6RSiVYWMQT7R5W2OkT+iXmE5H69/uRvGQ="}]},{"Route":"lib/bootstrap/dist/css/bootstrap-grid.css.c2jlpeoesf.map","AssetFile":"lib/bootstrap/dist/css/bootstrap-grid.css.map","Selectors":[],"ResponseHeaders":[{"Name":"Cache-Control","Value":"max-age=31536000, immutable"},{"Name":"Content-Length","Value":"203221"},{"Name":"Content-Type","Value":"text/plain"},{"Name":"ETag","Value":"\"xAT+n25FE5hvOjj2fG4YdOwr1bl4IlAJBNg6PbhLT2E=\""},{"Name":"Last-Modified","Value":"Fri, 13 Feb 2026 13:52:35 GMT"}],"EndpointProperties":[{"Name":"fingerprint","Value":"c2jlpeoesf"},{"Name":"integrity","Value":"sha256-xAT+n25FE5hvOjj2fG4YdOwr1bl4IlAJBNg6PbhLT2E="},{"Name":"label","Value":"lib/bootstrap/dist/css/bootstrap-grid.css.map"}]},{"Route":"lib/bootstrap/dist/css/bootstrap-grid.css.map","AssetFile":"lib/bootstrap/dist/css/bootstrap-grid.css.map","Selectors":[],"ResponseHeaders":[{"Name":"Cache-Control","Value":"no-cache"},{"Name":"Content-Length","Value":"203221"},{"Name":"Content-Type","Value":"text/plain"},{"Name":"ETag","Value":"\"xAT+n25FE5hvOjj2fG4YdOwr1bl4IlAJBNg6PbhLT2E=\""},{"Name":"Last-Modified","Value":"Fri, 13 Feb 2026 13:52:35 GMT"}],"EndpointProperties":[{"Name":"integrity","Value":"sha256-xAT+n25FE5hvOjj2fG4YdOwr1bl4IlAJBNg6PbhLT2E="}]},{"Route":"lib/bootstrap/dist/css/bootstrap-grid.min.css.aexeepp0ev.map","AssetFile":"lib/bootstrap/dist/css/bootstrap-grid.min.css.map","Selectors":[],"ResponseHeaders":[{"Name":"Cache-Control","Value":"max-age=31536000, immutable"},{"Name":"Content-Length","Value":"115986"},{"Name":"Content-Type","Value":"text/plain"},{"Name":"ETag","Value":"\"kgL+xwVmM8IOs15lnoHt9daR2LRMiBG/cYgUPcKQOY4=\""},{"Name":"Last-Modified","Value":"Fri, 13 Feb 2026 13:52:35 GMT"}],"EndpointProperties":[{"Name":"fingerprint","Value":"aexeepp0ev"},{"Name":"integrity","Value":"sha256-kgL+xwVmM8IOs15lnoHt9daR2LRMiBG/cYgUPcKQOY4="},{"Name":"label","Value":"lib/bootstrap/dist/css/bootstrap-grid.min.css.map"}]},{"Route":"lib/bootstrap/dist/css/bootstrap-grid.min.css.map","AssetFile":"lib/bootstrap/dist/css/bootstrap-grid.min.css.map","Selectors":[],"ResponseHeaders":[{"Name":"Cache-Control","Value":"no-cache"},{"Name":"Content-Length","Value":"115986"},{"Name":"Content-Type","Value":"text/plain"},{"Name":"ETag","Value":"\"kgL+xwVmM8IOs15lnoHt9daR2LRMiBG/cYgUPcKQOY4=\""},{"Name":"Last-Modified","Value":"Fri, 13 Feb 2026 13:52:35 GMT"}],"EndpointProperties":[{"Name":"integrity","Value":"sha256-kgL+xwVmM8IOs15lnoHt9daR2LRMiBG/cYgUPcKQOY4="}]},{"Route":"lib/bootstrap/dist/css/bootstrap-grid.rtl.css","AssetFile":"lib/bootstrap/dist/css/bootstrap-grid.rtl.css","Selectors":[],"ResponseHeaders":[{"Name":"Cache-Control","Value":"no-cache"},{"Name":"Content-Length","Value":"74486"},{"Name":"Content-Type","Value":"text/css"},{"Name":"ETag","Value":"\"M15fHTKfMK6cTars5c28PNhN6hD0qeUb3HPzOdoPwCc=\""},{"Name":"Last-Modified","Value":"Fri, 13 Feb 2026 13:52:35 GMT"}],"EndpointProperties":[{"Name":"integrity","Value":"sha256-M15fHTKfMK6cTars5c28PNhN6hD0qeUb3HPzOdoPwCc="}]},{"Route":"lib/bootstrap/dist/css/bootstrap-grid.rtl.css.ausgxo2sd3.map","AssetFile":"lib/bootstrap/dist/css/bootstrap-grid.rtl.css.map","Selectors":[],"ResponseHeaders":[{"Name":"Cache-Control","Value":"max-age=31536000, immutable"},{"Name":"Content-Length","Value":"203225"},{"Name":"Content-Type","Value":"text/plain"},{"Name":"ETag","Value":"\"/siQUA8yX830j+cL4amKHY3yBtn3n8z3Eg+VZ15f90k=\""},{"Name":"Last-Modified","Value":"Fri, 13 Feb 2026 13:52:35 GMT"}],"EndpointProperties":[{"Name":"fingerprint","Value":"ausgxo2sd3"},{"Name":"integrity","Value":"sha256-/siQUA8yX830j+cL4amKHY3yBtn3n8z3Eg+VZ15f90k="},{"Name":"label","Value":"lib/bootstrap/dist/css/bootstrap-grid.rtl.css.map"}]},{"Route":"lib/bootstrap/dist/css/bootstrap-grid.rtl.css.map","AssetFile":"lib/bootstrap/dist/css/bootstrap-grid.rtl.css.map","Selectors":[],"ResponseHeaders":[{"Name":"Cache-Control","Value":"no-cache"},{"Name":"Content-Length","Value":"203225"},{"Name":"Content-Type","Value":"text/plain"},{"Name":"ETag","Value":"\"/siQUA8yX830j+cL4amKHY3yBtn3n8z3Eg+VZ15f90k=\""},{"Name":"Last-Modified","Value":"Fri, 13 Feb 2026 13:52:35 GMT"}],"EndpointProperties":[{"Name":"integrity","Value":"sha256-/siQUA8yX830j+cL4amKHY3yBtn3n8z3Eg+VZ15f90k="}]},{"Route":"lib/bootstrap/dist/css/bootstrap-grid.rtl.min.css.cosvhxvwiu.map","AssetFile":"lib/bootstrap/dist/css/bootstrap-grid.rtl.min.css.map","Selectors":[],"ResponseHeaders":[{"Name":"Cache-Control","Value":"max-age=31536000, immutable"},{"Name":"Content-Length","Value":"116063"},{"Name":"Content-Type","Value":"text/plain"},{"Name":"ETag","Value":"\"7GdOlw7U/wgyaeUtFmxPz5/MphdvVSPtVOOlTn9c33Q=\""},{"Name":"Last-Modified","Value":"Fri, 13 Feb 2026 13:52:35 GMT"}],"EndpointProperties":[{"Name":"fingerprint","Value":"cosvhxvwiu"},{"Name":"integrity","Value":"sha256-7GdOlw7U/wgyaeUtFmxPz5/MphdvVSPtVOOlTn9c33Q="},{"Name":"label","Value":"lib/bootstrap/dist/css/bootstrap-grid.rtl.min.css.map"}]},{"Route":"lib/bootstrap/dist/css/bootstrap-grid.rtl.min.css.map","AssetFile":"lib/bootstrap/dist/css/bootstrap-grid.rtl.min.css.map","Selectors":[],"ResponseHeaders":[{"Name":"Cache-Control","Value":"no-cache"},{"Name":"Content-Length","Value":"116063"},{"Name":"Content-Type","Value":"text/plain"},{"Name":"ETag","Value":"\"7GdOlw7U/wgyaeUtFmxPz5/MphdvVSPtVOOlTn9c33Q=\""},{"Name":"Last-Modified","Value":"Fri, 13 Feb 2026 13:52:35 GMT"}],"EndpointProperties":[{"Name":"integrity","Value":"sha256-7GdOlw7U/wgyaeUtFmxPz5/MphdvVSPtVOOlTn9c33Q="}]},{"Route":"lib/bootstrap/dist/css/bootstrap-grid.rtl.xvp3kq03qx.css","AssetFile":"lib/bootstrap/dist/css/bootstrap-grid.rtl.css","Selectors":[],"ResponseHeaders":[{"Name":"Cache-Control","Value":"max-age=31536000, immutable"},{"Name":"Content-Length","Value":"74486"},{"Name":"Content-Type","Value":"text/css"},{"Name":"ETag","Value":"\"M15fHTKfMK6cTars5c28PNhN6hD0qeUb3HPzOdoPwCc=\""},{"Name":"Last-Modified","Value":"Fri, 13 Feb 2026 13:52:35 GMT"}],"EndpointProperties":[{"Name":"fingerprint","Value":"xvp3kq03qx"},{"Name":"integrity","Value":"sha256-M15fHTKfMK6cTars5c28PNhN6hD0qeUb3HPzOdoPwCc="},{"Name":"label","Value":"lib/bootstrap/dist/css/bootstrap-grid.rtl.css"}]},{"Route":"lib/bootstrap/dist/css/bootstrap-grid.t1cqhe9u97.css","AssetFile":"lib/bootstrap/dist/css/bootstrap-grid.css","Selectors":[],"ResponseHeaders":[{"Name":"Cache-Control","Value":"max-age=31536000, immutable"},{"Name":"Content-Length","Value":"74413"},{"Name":"Content-Type","Value":"text/css"},{"Name":"ETag","Value":"\"f4c8YV1qrr6RSiVYWMQT7R5W2OkT+iXmE5H69/uRvGQ=\""},{"Name":"Last-Modified","Value":"Fri, 13 Feb 2026 13:52:35 GMT"}],"EndpointProperties":[{"Name":"fingerprint","Value":"t1cqhe9u97"},{"Name":"integrity","Value":"sha256-f4c8YV1qrr6RSiVYWMQT7R5W2OkT+iXmE5H69/uRvGQ="},{"Name":"label","Value":"lib/bootstrap/dist/css/bootstrap-grid.css"}]},{"Route":"lib/bootstrap/dist/css/bootstrap-reboot.css","AssetFile":"lib/bootstrap/dist/css/bootstrap-reboot.css","Selectors":[],"ResponseHeaders":[{"Name":"Cache-Control","Value":"no-cache"},{"Name":"Content-Length","Value":"12661"},{"Name":"Content-Type","Value":"text/css"},{"Name":"ETag","Value":"\"rjusxCRzKjztCcfgOVduAc3e3Z7KvimJGokJSeADNmE=\""},{"Name":"Last-Modified","Value":"Fri, 13 Feb 2026 13:52:35 GMT"}],"EndpointProperties":[{"Name":"integrity","Value":"sha256-rjusxCRzKjztCcfgOVduAc3e3Z7KvimJGokJSeADNmE="}]},{"Route":"lib/bootstrap/dist/css/bootstrap-reboot.css.fvhpjtyr6v.map","AssetFile":"lib/bootstrap/dist/css/bootstrap-reboot.css.map","Selectors":[],"ResponseHeaders":[{"Name":"Cache-Control","Value":"max-age=31536000, immutable"},{"Name":"Content-Length","Value":"129371"},{"Name":"Content-Type","Value":"text/plain"},{"Name":"ETag","Value":"\"RXJ/QZiBfHXoPtXR2EgC+bFo2pe3GtbZO722RtiLGzQ=\""},{"Name":"Last-Modified","Value":"Fri, 13 Feb 2026 13:52:35 GMT"}],"EndpointProperties":[{"Name":"fingerprint","Value":"fvhpjtyr6v"},{"Name":"integrity","Value":"sha256-RXJ/QZiBfHXoPtXR2EgC+bFo2pe3GtbZO722RtiLGzQ="},{"Name":"label","Value":"lib/bootstrap/dist/css/bootstrap-reboot.css.map"}]},{"Route":"lib/bootstrap/dist/css/bootstrap-reboot.css.map","AssetFile":"lib/bootstrap/dist/css/bootstrap-reboot.css.map","Selectors":[],"ResponseHeaders":[{"Name":"Cache-Control","Value":"no-cache"},{"Name":"Content-Length","Value":"129371"},{"Name":"Content-Type","Value":"text/plain"},{"Name":"ETag","Value":"\"RXJ/QZiBfHXoPtXR2EgC+bFo2pe3GtbZO722RtiLGzQ=\""},{"Name":"Last-Modified","Value":"Fri, 13 Feb 2026 13:52:35 GMT"}],"EndpointProperties":[{"Name":"integrity","Value":"sha256-RXJ/QZiBfHXoPtXR2EgC+bFo2pe3GtbZO722RtiLGzQ="}]},{"Route":"lib/bootstrap/dist/css/bootstrap-reboot.min.css.fsbi9cje9m.map","AssetFile":"lib/bootstrap/dist/css/bootstrap-reboot.min.css.map","Selectors":[],"ResponseHeaders":[{"Name":"Cache-Control","Value":"max-age=31536000, immutable"},{"Name":"Content-Length","Value":"51369"},{"Name":"Content-Type","Value":"text/plain"},{"Name":"ETag","Value":"\"0eqVT62kqRLJh9oTqLeIH4UnQskqVjib8hl2fXxl4lg=\""},{"Name":"Last-Modified","Value":"Fri, 13 Feb 2026 13:52:35 GMT"}],"EndpointProperties":[{"Name":"fingerprint","Value":"fsbi9cje9m"},{"Name":"integrity","Value":"sha256-0eqVT62kqRLJh9oTqLeIH4UnQskqVjib8hl2fXxl4lg="},{"Name":"label","Value":"lib/bootstrap/dist/css/bootstrap-reboot.min.css.map"}]},{"Route":"lib/bootstrap/dist/css/bootstrap-reboot.min.css.map","AssetFile":"lib/bootstrap/dist/css/bootstrap-reboot.min.css.map","Selectors":[],"ResponseHeaders":[{"Name":"Cache-Control","Value":"no-cache"},{"Name":"Content-Length","Value":"51369"},{"Name":"Content-Type","Value":"text/plain"},{"Name":"ETag","Value":"\"0eqVT62kqRLJh9oTqLeIH4UnQskqVjib8hl2fXxl4lg=\""},{"Name":"Last-Modified","Value":"Fri, 13 Feb 2026 13:52:35 GMT"}],"EndpointProperties":[{"Name":"integrity","Value":"sha256-0eqVT62kqRLJh9oTqLeIH4UnQskqVjib8hl2fXxl4lg="}]},{"Route":"lib/bootstrap/dist/css/bootstrap-reboot.qesaa3a1fm.css","AssetFile":"lib/bootstrap/dist/css/bootstrap-reboot.css","Selectors":[],"ResponseHeaders":[{"Name":"Cache-Control","Value":"max-age=31536000, immutable"},{"Name":"Content-Length","Value":"12661"},{"Name":"Content-Type","Value":"text/css"},{"Name":"ETag","Value":"\"rjusxCRzKjztCcfgOVduAc3e3Z7KvimJGokJSeADNmE=\""},{"Name":"Last-Modified","Value":"Fri, 13 Feb 2026 13:52:35 GMT"}],"EndpointProperties":[{"Name":"fingerprint","Value":"qesaa3a1fm"},{"Name":"integrity","Value":"sha256-rjusxCRzKjztCcfgOVduAc3e3Z7KvimJGokJSeADNmE="},{"Name":"label","Value":"lib/bootstrap/dist/css/bootstrap-reboot.css"}]},{"Route":"lib/bootstrap/dist/css/bootstrap-reboot.rtl.css","AssetFile":"lib/bootstrap/dist/css/bootstrap-reboot.rtl.css","Selectors":[],"ResponseHeaders":[{"Name":"Cache-Control","Value":"no-cache"},{"Name":"Content-Length","Value":"12651"},{"Name":"Content-Type","Value":"text/css"},{"Name":"ETag","Value":"\"gRKIHVkBgnCPUs/hmZsXynZ9ZJpvsE77idtljDkrWGI=\""},{"Name":"Last-Modified","Value":"Fri, 13 Feb 2026 13:52:35 GMT"}],"EndpointProperties":[{"Name":"integrity","Value":"sha256-gRKIHVkBgnCPUs/hmZsXynZ9ZJpvsE77idtljDkrWGI="}]},{"Route":"lib/bootstrap/dist/css/bootstrap-reboot.rtl.css.ee0r1s7dh0.map","AssetFile":"lib/bootstrap/dist/css/bootstrap-reboot.rtl.css.map","Selectors":[],"ResponseHeaders":[{"Name":"Cache-Control","Value":"max-age=31536000, immutable"},{"Name":"Content-Length","Value":"129386"},{"Name":"Content-Type","Value":"text/plain"},{"Name":"ETag","Value":"\"OoQVwh7Arp7bVoK2ZiTx2S//KrnPrSPzPZ93CqCMhe8=\""},{"Name":"Last-Modified","Value":"Fri, 13 Feb 2026 13:52:35 GMT"}],"EndpointProperties":[{"Name":"fingerprint","Value":"ee0r1s7dh0"},{"Name":"integrity","Value":"sha256-OoQVwh7Arp7bVoK2ZiTx2S//KrnPrSPzPZ93CqCMhe8="},{"Name":"label","Value":"lib/bootstrap/dist/css/bootstrap-reboot.rtl.css.map"}]},{"Route":"lib/bootstrap/dist/css/bootstrap-reboot.rtl.css.map","AssetFile":"lib/bootstrap/dist/css/bootstrap-reboot.rtl.css.map","Selectors":[],"ResponseHeaders":[{"Name":"Cache-Control","Value":"no-cache"},{"Name":"Content-Length","Value":"129386"},{"Name":"Content-Type","Value":"text/plain"},{"Name":"ETag","Value":"\"OoQVwh7Arp7bVoK2ZiTx2S//KrnPrSPzPZ93CqCMhe8=\""},{"Name":"Last-Modified","Value":"Fri, 13 Feb 2026 13:52:35 GMT"}],"EndpointProperties":[{"Name":"integrity","Value":"sha256-OoQVwh7Arp7bVoK2ZiTx2S//KrnPrSPzPZ93CqCMhe8="}]},{"Route":"lib/bootstrap/dist/css/bootstrap-reboot.rtl.min.css.jd9uben2k1.map","AssetFile":"lib/bootstrap/dist/css/bootstrap-reboot.rtl.min.css.map","Selectors":[],"ResponseHeaders":[{"Name":"Cache-Control","Value":"max-age=31536000, immutable"},{"Name":"Content-Length","Value":"63943"},{"Name":"Content-Type","Value":"text/plain"},{"Name":"ETag","Value":"\"910zw+rMdcg0Ls48ATp65vEn8rd5HvPxOKm2x3/CBII=\""},{"Name":"Last-Modified","Value":"Fri, 13 Feb 2026 13:52:35 GMT"}],"EndpointProperties":[{"Name":"fingerprint","Value":"jd9uben2k1"},{"Name":"integrity","Value":"sha256-910zw+rMdcg0Ls48ATp65vEn8rd5HvPxOKm2x3/CBII="},{"Name":"label","Value":"lib/bootstrap/dist/css/bootstrap-reboot.rtl.min.css.map"}]},{"Route":"lib/bootstrap/dist/css/bootstrap-reboot.rtl.min.css.map","AssetFile":"lib/bootstrap/dist/css/bootstrap-reboot.rtl.min.css.map","Selectors":[],"ResponseHeaders":[{"Name":"Cache-Control","Value":"no-cache"},{"Name":"Content-Length","Value":"63943"},{"Name":"Content-Type","Value":"text/plain"},{"Name":"ETag","Value":"\"910zw+rMdcg0Ls48ATp65vEn8rd5HvPxOKm2x3/CBII=\""},{"Name":"Last-Modified","Value":"Fri, 13 Feb 2026 13:52:35 GMT"}],"EndpointProperties":[{"Name":"integrity","Value":"sha256-910zw+rMdcg0Ls48ATp65vEn8rd5HvPxOKm2x3/CBII="}]},{"Route":"lib/bootstrap/dist/css/bootstrap-reboot.rtl.rxsg74s51o.css","AssetFile":"lib/bootstrap/dist/css/bootstrap-reboot.rtl.css","Selectors":[],"ResponseHeaders":[{"Name":"Cache-Control","Value":"max-age=31536000, immutable"},{"Name":"Content-Length","Value":"12651"},{"Name":"Content-Type","Value":"text/css"},{"Name":"ETag","Value":"\"gRKIHVkBgnCPUs/hmZsXynZ9ZJpvsE77idtljDkrWGI=\""},{"Name":"Last-Modified","Value":"Fri, 13 Feb 2026 13:52:35 GMT"}],"EndpointProperties":[{"Name":"fingerprint","Value":"rxsg74s51o"},{"Name":"integrity","Value":"sha256-gRKIHVkBgnCPUs/hmZsXynZ9ZJpvsE77idtljDkrWGI="},{"Name":"label","Value":"lib/bootstrap/dist/css/bootstrap-reboot.rtl.css"}]},{"Route":"lib/bootstrap/dist/css/bootstrap-utilities.css","AssetFile":"lib/bootstrap/dist/css/bootstrap-utilities.css","Selectors":[],"ResponseHeaders":[{"Name":"Cache-Control","Value":"no-cache"},{"Name":"Content-Length","Value":"113224"},{"Name":"Content-Type","Value":"text/css"},{"Name":"ETag","Value":"\"uIzOR4gILoNjCGNryIsWnkEGO3BSwRa/MLjr73tDodE=\""},{"Name":"Last-Modified","Value":"Fri, 13 Feb 2026 13:52:35 GMT"}],"EndpointProperties":[{"Name":"integrity","Value":"sha256-uIzOR4gILoNjCGNryIsWnkEGO3BSwRa/MLjr73tDodE="}]},{"Route":"lib/bootstrap/dist/css/bootstrap-utilities.css.map","AssetFile":"lib/bootstrap/dist/css/bootstrap-utilities.css.map","Selectors":[],"ResponseHeaders":[{"Name":"Cache-Control","Value":"no-cache"},{"Name":"Content-Length","Value":"267535"},{"Name":"Content-Type","Value":"text/plain"},{"Name":"ETag","Value":"\"Nfjrc4Ur9Fv2oBEswQWIyBnNDP99q+LhL+z9553O0cY=\""},{"Name":"Last-Modified","Value":"Fri, 13 Feb 2026 13:52:35 GMT"}],"EndpointProperties":[{"Name":"integrity","Value":"sha256-Nfjrc4Ur9Fv2oBEswQWIyBnNDP99q+LhL+z9553O0cY="}]},{"Route":"lib/bootstrap/dist/css/bootstrap-utilities.css.r4e9w2rdcm.map","AssetFile":"lib/bootstrap/dist/css/bootstrap-utilities.css.map","Selectors":[],"ResponseHeaders":[{"Name":"Cache-Control","Value":"max-age=31536000, immutable"},{"Name":"Content-Length","Value":"267535"},{"Name":"Content-Type","Value":"text/plain"},{"Name":"ETag","Value":"\"Nfjrc4Ur9Fv2oBEswQWIyBnNDP99q+LhL+z9553O0cY=\""},{"Name":"Last-Modified","Value":"Fri, 13 Feb 2026 13:52:35 GMT"}],"EndpointProperties":[{"Name":"fingerprint","Value":"r4e9w2rdcm"},{"Name":"integrity","Value":"sha256-Nfjrc4Ur9Fv2oBEswQWIyBnNDP99q+LhL+z9553O0cY="},{"Name":"label","Value":"lib/bootstrap/dist/css/bootstrap-utilities.css.map"}]},{"Route":"lib/bootstrap/dist/css/bootstrap-utilities.gye83jo8yx.css","AssetFile":"lib/bootstrap/dist/css/bootstrap-utilities.css","Selectors":[],"ResponseHeaders":[{"Name":"Cache-Control","Value":"max-age=31536000, immutable"},{"Name":"Content-Length","Value":"113224"},{"Name":"Content-Type","Value":"text/css"},{"Name":"ETag","Value":"\"uIzOR4gILoNjCGNryIsWnkEGO3BSwRa/MLjr73tDodE=\""},{"Name":"Last-Modified","Value":"Fri, 13 Feb 2026 13:52:35 GMT"}],"EndpointProperties":[{"Name":"fingerprint","Value":"gye83jo8yx"},{"Name":"integrity","Value":"sha256-uIzOR4gILoNjCGNryIsWnkEGO3BSwRa/MLjr73tDodE="},{"Name":"label","Value":"lib/bootstrap/dist/css/bootstrap-utilities.css"}]},{"Route":"lib/bootstrap/dist/css/bootstrap-utilities.min.css.c2oey78nd0.map","AssetFile":"lib/bootstrap/dist/css/bootstrap-utilities.min.css.map","Selectors":[],"ResponseHeaders":[{"Name":"Cache-Control","Value":"max-age=31536000, immutable"},{"Name":"Content-Length","Value":"180381"},{"Name":"Content-Type","Value":"text/plain"},{"Name":"ETag","Value":"\"rHDmip4JZzuaGOcSQ1QSQrIbG0Eb3Zja9whqSF1zYIU=\""},{"Name":"Last-Modified","Value":"Fri, 13 Feb 2026 13:52:35 GMT"}],"EndpointProperties":[{"Name":"fingerprint","Value":"c2oey78nd0"},{"Name":"integrity","Value":"sha256-rHDmip4JZzuaGOcSQ1QSQrIbG0Eb3Zja9whqSF1zYIU="},{"Name":"label","Value":"lib/bootstrap/dist/css/bootstrap-utilities.min.css.map"}]},{"Route":"lib/bootstrap/dist/css/bootstrap-utilities.min.css.map","AssetFile":"lib/bootstrap/dist/css/bootstrap-utilities.min.css.map","Selectors":[],"ResponseHeaders":[{"Name":"Cache-Control","Value":"no-cache"},{"Name":"Content-Length","Value":"180381"},{"Name":"Content-Type","Value":"text/plain"},{"Name":"ETag","Value":"\"rHDmip4JZzuaGOcSQ1QSQrIbG0Eb3Zja9whqSF1zYIU=\""},{"Name":"Last-Modified","Value":"Fri, 13 Feb 2026 13:52:35 GMT"}],"EndpointProperties":[{"Name":"integrity","Value":"sha256-rHDmip4JZzuaGOcSQ1QSQrIbG0Eb3Zja9whqSF1zYIU="}]},{"Route":"lib/bootstrap/dist/css/bootstrap-utilities.rtl.css","AssetFile":"lib/bootstrap/dist/css/bootstrap-utilities.rtl.css","Selectors":[],"ResponseHeaders":[{"Name":"Cache-Control","Value":"no-cache"},{"Name":"Content-Length","Value":"113083"},{"Name":"Content-Type","Value":"text/css"},{"Name":"ETag","Value":"\"MwFckg8YbY2WrveNQnXkfULkprYhFOq+t1BH92A7GsI=\""},{"Name":"Last-Modified","Value":"Fri, 13 Feb 2026 13:52:35 GMT"}],"EndpointProperties":[{"Name":"integrity","Value":"sha256-MwFckg8YbY2WrveNQnXkfULkprYhFOq+t1BH92A7GsI="}]},{"Route":"lib/bootstrap/dist/css/bootstrap-utilities.rtl.css.j5mq2jizvt.map","AssetFile":"lib/bootstrap/dist/css/bootstrap-utilities.rtl.css.map","Selectors":[],"ResponseHeaders":[{"Name":"Cache-Control","Value":"max-age=31536000, immutable"},{"Name":"Content-Length","Value":"267476"},{"Name":"Content-Type","Value":"text/plain"},{"Name":"ETag","Value":"\"p0BVq5Ve/dohBIdfbrZsoQNu02JSsKh1g0wbyiQiUaU=\""},{"Name":"Last-Modified","Value":"Fri, 13 Feb 2026 13:52:35 GMT"}],"EndpointProperties":[{"Name":"fingerprint","Value":"j5mq2jizvt"},{"Name":"integrity","Value":"sha256-p0BVq5Ve/dohBIdfbrZsoQNu02JSsKh1g0wbyiQiUaU="},{"Name":"label","Value":"lib/bootstrap/dist/css/bootstrap-utilities.rtl.css.map"}]},{"Route":"lib/bootstrap/dist/css/bootstrap-utilities.rtl.css.map","AssetFile":"lib/bootstrap/dist/css/bootstrap-utilities.rtl.css.map","Selectors":[],"ResponseHeaders":[{"Name":"Cache-Control","Value":"no-cache"},{"Name":"Content-Length","Value":"267476"},{"Name":"Content-Type","Value":"text/plain"},{"Name":"ETag","Value":"\"p0BVq5Ve/dohBIdfbrZsoQNu02JSsKh1g0wbyiQiUaU=\""},{"Name":"Last-Modified","Value":"Fri, 13 Feb 2026 13:52:35 GMT"}],"EndpointProperties":[{"Name":"integrity","Value":"sha256-p0BVq5Ve/dohBIdfbrZsoQNu02JSsKh1g0wbyiQiUaU="}]},{"Route":"lib/bootstrap/dist/css/bootstrap-utilities.rtl.d4r6k3f320.css","AssetFile":"lib/bootstrap/dist/css/bootstrap-utilities.rtl.css","Selectors":[],"ResponseHeaders":[{"Name":"Cache-Control","Value":"max-age=31536000, immutable"},{"Name":"Content-Length","Value":"113083"},{"Name":"Content-Type","Value":"text/css"},{"Name":"ETag","Value":"\"MwFckg8YbY2WrveNQnXkfULkprYhFOq+t1BH92A7GsI=\""},{"Name":"Last-Modified","Value":"Fri, 13 Feb 2026 13:52:35 GMT"}],"EndpointProperties":[{"Name":"fingerprint","Value":"d4r6k3f320"},{"Name":"integrity","Value":"sha256-MwFckg8YbY2WrveNQnXkfULkprYhFOq+t1BH92A7GsI="},{"Name":"label","Value":"lib/bootstrap/dist/css/bootstrap-utilities.rtl.css"}]},{"Route":"lib/bootstrap/dist/css/bootstrap-utilities.rtl.min.css.map","AssetFile":"lib/bootstrap/dist/css/bootstrap-utilities.rtl.min.css.map","Selectors":[],"ResponseHeaders":[{"Name":"Cache-Control","Value":"no-cache"},{"Name":"Content-Length","Value":"180217"},{"Name":"Content-Type","Value":"text/plain"},{"Name":"ETag","Value":"\"o8XK32mcY/FfcOQ1D2HJvVuZ0YTXSURZDLXCK0fnQeA=\""},{"Name":"Last-Modified","Value":"Fri, 13 Feb 2026 13:52:35 GMT"}],"EndpointProperties":[{"Name":"integrity","Value":"sha256-o8XK32mcY/FfcOQ1D2HJvVuZ0YTXSURZDLXCK0fnQeA="}]},{"Route":"lib/bootstrap/dist/css/bootstrap-utilities.rtl.min.css.nvvlpmu67g.map","AssetFile":"lib/bootstrap/dist/css/bootstrap-utilities.rtl.min.css.map","Selectors":[],"ResponseHeaders":[{"Name":"Cache-Control","Value":"max-age=31536000, immutable"},{"Name":"Content-Length","Value":"180217"},{"Name":"Content-Type","Value":"text/plain"},{"Name":"ETag","Value":"\"o8XK32mcY/FfcOQ1D2HJvVuZ0YTXSURZDLXCK0fnQeA=\""},{"Name":"Last-Modified","Value":"Fri, 13 Feb 2026 13:52:35 GMT"}],"EndpointProperties":[{"Name":"fingerprint","Value":"nvvlpmu67g"},{"Name":"integrity","Value":"sha256-o8XK32mcY/FfcOQ1D2HJvVuZ0YTXSURZDLXCK0fnQeA="},{"Name":"label","Value":"lib/bootstrap/dist/css/bootstrap-utilities.rtl.min.css.map"}]},{"Route":"lib/bootstrap/dist/css/bootstrap.css","AssetFile":"lib/bootstrap/dist/css/bootstrap.css","Selectors":[],"ResponseHeaders":[{"Name":"Cache-Control","Value":"no-cache"},{"Name":"Content-Length","Value":"293102"},{"Name":"Content-Type","Value":"text/css"},{"Name":"ETag","Value":"\"CzmECrtXV8BSk/+8SG+Rw7Fr+3hCt2bS2bEkS4YD3PQ=\""},{"Name":"Last-Modified","Value":"Fri, 13 Feb 2026 13:52:35 GMT"}],"EndpointProperties":[{"Name":"integrity","Value":"sha256-CzmECrtXV8BSk/+8SG+Rw7Fr+3hCt2bS2bEkS4YD3PQ="}]},{"Route":"lib/bootstrap/dist/css/bootstrap.css.map","AssetFile":"lib/bootstrap/dist/css/bootstrap.css.map","Selectors":[],"ResponseHeaders":[{"Name":"Cache-Control","Value":"no-cache"},{"Name":"Content-Length","Value":"679755"},{"Name":"Content-Type","Value":"text/plain"},{"Name":"ETag","Value":"\"KzNVR3p7UZGba94dnCtlc6jXjK5urSPiZ/eNnKTmDkw=\""},{"Name":"Last-Modified","Value":"Fri, 13 Feb 2026 13:52:35 GMT"}],"EndpointProperties":[{"Name":"integrity","Value":"sha256-KzNVR3p7UZGba94dnCtlc6jXjK5urSPiZ/eNnKTmDkw="}]},{"Route":"lib/bootstrap/dist/css/bootstrap.css.pj5nd1wqec.map","AssetFile":"lib/bootstrap/dist/css/bootstrap.css.map","Selectors":[],"ResponseHeaders":[{"Name":"Cache-Control","Value":"max-age=31536000, immutable"},{"Name":"Content-Length","Value":"679755"},{"Name":"Content-Type","Value":"text/plain"},{"Name":"ETag","Value":"\"KzNVR3p7UZGba94dnCtlc6jXjK5urSPiZ/eNnKTmDkw=\""},{"Name":"Last-Modified","Value":"Fri, 13 Feb 2026 13:52:35 GMT"}],"EndpointProperties":[{"Name":"fingerprint","Value":"pj5nd1wqec"},{"Name":"integrity","Value":"sha256-KzNVR3p7UZGba94dnCtlc6jXjK5urSPiZ/eNnKTmDkw="},{"Name":"label","Value":"lib/bootstrap/dist/css/bootstrap.css.map"}]},{"Route":"lib/bootstrap/dist/css/bootstrap.min.css.map","AssetFile":"lib/bootstrap/dist/css/bootstrap.min.css.map","Selectors":[],"ResponseHeaders":[{"Name":"Cache-Control","Value":"no-cache"},{"Name":"Content-Length","Value":"589892"},{"Name":"Content-Type","Value":"text/plain"},{"Name":"ETag","Value":"\"8SM4U2NQpCLGTQLW5D/x3qSTwxVq2CP+GXYc3V1WwFs=\""},{"Name":"Last-Modified","Value":"Fri, 13 Feb 2026 13:52:35 GMT"}],"EndpointProperties":[{"Name":"integrity","Value":"sha256-8SM4U2NQpCLGTQLW5D/x3qSTwxVq2CP+GXYc3V1WwFs="}]},{"Route":"lib/bootstrap/dist/css/bootstrap.min.css.v0zj4ognzu.map","AssetFile":"lib/bootstrap/dist/css/bootstrap.min.css.map","Selectors":[],"ResponseHeaders":[{"Name":"Cache-Control","Value":"max-age=31536000, immutable"},{"Name":"Content-Length","Value":"589892"},{"Name":"Content-Type","Value":"text/plain"},{"Name":"ETag","Value":"\"8SM4U2NQpCLGTQLW5D/x3qSTwxVq2CP+GXYc3V1WwFs=\""},{"Name":"Last-Modified","Value":"Fri, 13 Feb 2026 13:52:35 GMT"}],"EndpointProperties":[{"Name":"fingerprint","Value":"v0zj4ognzu"},{"Name":"integrity","Value":"sha256-8SM4U2NQpCLGTQLW5D/x3qSTwxVq2CP+GXYc3V1WwFs="},{"Name":"label","Value":"lib/bootstrap/dist/css/bootstrap.min.css.map"}]},{"Route":"lib/bootstrap/dist/css/bootstrap.rtl.css","AssetFile":"lib/bootstrap/dist/css/bootstrap.rtl.css","Selectors":[],"ResponseHeaders":[{"Name":"Cache-Control","Value":"no-cache"},{"Name":"Content-Length","Value":"292288"},{"Name":"Content-Type","Value":"text/css"},{"Name":"ETag","Value":"\"/rceNUMI0RlFJugRzjua815bgXwawEJBGBPh4Vx3r38=\""},{"Name":"Last-Modified","Value":"Fri, 13 Feb 2026 13:52:35 GMT"}],"EndpointProperties":[{"Name":"integrity","Value":"sha256-/rceNUMI0RlFJugRzjua815bgXwawEJBGBPh4Vx3r38="}]},{"Route":"lib/bootstrap/dist/css/bootstrap.rtl.css.hrwsygsryq.map","AssetFile":"lib/bootstrap/dist/css/bootstrap.rtl.css.map","Selectors":[],"ResponseHeaders":[{"Name":"Cache-Control","Value":"max-age=31536000, immutable"},{"Name":"Content-Length","Value":"679615"},{"Name":"Content-Type","Value":"text/plain"},{"Name":"ETag","Value":"\"3bYWUiiVYMZfv2wq5JnXIsHlQKgSKs/VcRivgjgZ1ho=\""},{"Name":"Last-Modified","Value":"Fri, 13 Feb 2026 13:52:35 GMT"}],"EndpointProperties":[{"Name":"fingerprint","Value":"hrwsygsryq"},{"Name":"integrity","Value":"sha256-3bYWUiiVYMZfv2wq5JnXIsHlQKgSKs/VcRivgjgZ1ho="},{"Name":"label","Value":"lib/bootstrap/dist/css/bootstrap.rtl.css.map"}]},{"Route":"lib/bootstrap/dist/css/bootstrap.rtl.css.map","AssetFile":"lib/bootstrap/dist/css/bootstrap.rtl.css.map","Selectors":[],"ResponseHeaders":[{"Name":"Cache-Control","Value":"no-cache"},{"Name":"Content-Length","Value":"679615"},{"Name":"Content-Type","Value":"text/plain"},{"Name":"ETag","Value":"\"3bYWUiiVYMZfv2wq5JnXIsHlQKgSKs/VcRivgjgZ1ho=\""},{"Name":"Last-Modified","Value":"Fri, 13 Feb 2026 13:52:35 GMT"}],"EndpointProperties":[{"Name":"integrity","Value":"sha256-3bYWUiiVYMZfv2wq5JnXIsHlQKgSKs/VcRivgjgZ1ho="}]},{"Route":"lib/bootstrap/dist/css/bootstrap.rtl.min.css.ft3s53vfgj.map","AssetFile":"lib/bootstrap/dist/css/bootstrap.rtl.min.css.map","Selectors":[],"ResponseHeaders":[{"Name":"Cache-Control","Value":"max-age=31536000, immutable"},{"Name":"Content-Length","Value":"589087"},{"Name":"Content-Type","Value":"text/plain"},{"Name":"ETag","Value":"\"rTzXlnepcb/vgFAiB+U7ODQAfOlJLfM3gY6IU7eIANk=\""},{"Name":"Last-Modified","Value":"Fri, 13 Feb 2026 13:52:35 GMT"}],"EndpointProperties":[{"Name":"fingerprint","Value":"ft3s53vfgj"},{"Name":"integrity","Value":"sha256-rTzXlnepcb/vgFAiB+U7ODQAfOlJLfM3gY6IU7eIANk="},{"Name":"label","Value":"lib/bootstrap/dist/css/bootstrap.rtl.min.css.map"}]},{"Route":"lib/bootstrap/dist/css/bootstrap.rtl.min.css.map","AssetFile":"lib/bootstrap/dist/css/bootstrap.rtl.min.css.map","Selectors":[],"ResponseHeaders":[{"Name":"Cache-Control","Value":"no-cache"},{"Name":"Content-Length","Value":"589087"},{"Name":"Content-Type","Value":"text/plain"},{"Name":"ETag","Value":"\"rTzXlnepcb/vgFAiB+U7ODQAfOlJLfM3gY6IU7eIANk=\""},{"Name":"Last-Modified","Value":"Fri, 13 Feb 2026 13:52:35 GMT"}],"EndpointProperties":[{"Name":"integrity","Value":"sha256-rTzXlnepcb/vgFAiB+U7ODQAfOlJLfM3gY6IU7eIANk="}]},{"Route":"lib/bootstrap/dist/css/bootstrap.rtl.ynyaa8k90p.css","AssetFile":"lib/bootstrap/dist/css/bootstrap.rtl.css","Selectors":[],"ResponseHeaders":[{"Name":"Cache-Control","Value":"max-age=31536000, immutable"},{"Name":"Content-Length","Value":"292288"},{"Name":"Content-Type","Value":"text/css"},{"Name":"ETag","Value":"\"/rceNUMI0RlFJugRzjua815bgXwawEJBGBPh4Vx3r38=\""},{"Name":"Last-Modified","Value":"Fri, 13 Feb 2026 13:52:35 GMT"}],"EndpointProperties":[{"Name":"fingerprint","Value":"ynyaa8k90p"},{"Name":"integrity","Value":"sha256-/rceNUMI0RlFJugRzjua815bgXwawEJBGBPh4Vx3r38="},{"Name":"label","Value":"lib/bootstrap/dist/css/bootstrap.rtl.css"}]},{"Route":"lib/bootstrap/dist/css/bootstrap.zub09dkrxp.css","AssetFile":"lib/bootstrap/dist/css/bootstrap.css","Selectors":[],"ResponseHeaders":[{"Name":"Cache-Control","Value":"max-age=31536000, immutable"},{"Name":"Content-Length","Value":"293102"},{"Name":"Content-Type","Value":"text/css"},{"Name":"ETag","Value":"\"CzmECrtXV8BSk/+8SG+Rw7Fr+3hCt2bS2bEkS4YD3PQ=\""},{"Name":"Last-Modified","Value":"Fri, 13 Feb 2026 13:52:35 GMT"}],"EndpointProperties":[{"Name":"fingerprint","Value":"zub09dkrxp"},{"Name":"integrity","Value":"sha256-CzmECrtXV8BSk/+8SG+Rw7Fr+3hCt2bS2bEkS4YD3PQ="},{"Name":"label","Value":"lib/bootstrap/dist/css/bootstrap.css"}]},{"Route":"lib/bootstrap/dist/js/bootstrap.bundle.4094rpi4f9.js","AssetFile":"lib/bootstrap/dist/js/bootstrap.bundle.js","Selectors":[],"ResponseHeaders":[{"Name":"Cache-Control","Value":"max-age=31536000, immutable"},{"Name":"Content-Length","Value":"214133"},{"Name":"Content-Type","Value":"text/javascript"},{"Name":"ETag","Value":"\"bNojyBU9M3Cv/K4YqdKkq4xeaAkchkkS7HXP7554z9Y=\""},{"Name":"Last-Modified","Value":"Fri, 13 Feb 2026 13:52:35 GMT"}],"EndpointProperties":[{"Name":"fingerprint","Value":"4094rpi4f9"},{"Name":"integrity","Value":"sha256-bNojyBU9M3Cv/K4YqdKkq4xeaAkchkkS7HXP7554z9Y="},{"Name":"label","Value":"lib/bootstrap/dist/js/bootstrap.bundle.js"}]},{"Route":"lib/bootstrap/dist/js/bootstrap.bundle.js","AssetFile":"lib/bootstrap/dist/js/bootstrap.bundle.js","Selectors":[],"ResponseHeaders":[{"Name":"Cache-Control","Value":"no-cache"},{"Name":"Content-Length","Value":"214133"},{"Name":"Content-Type","Value":"text/javascript"},{"Name":"ETag","Value":"\"bNojyBU9M3Cv/K4YqdKkq4xeaAkchkkS7HXP7554z9Y=\""},{"Name":"Last-Modified","Value":"Fri, 13 Feb 2026 13:52:35 GMT"}],"EndpointProperties":[{"Name":"integrity","Value":"sha256-bNojyBU9M3Cv/K4YqdKkq4xeaAkchkkS7HXP7554z9Y="}]},{"Route":"lib/bootstrap/dist/js/bootstrap.bundle.js.6pdc2jztkx.map","AssetFile":"lib/bootstrap/dist/js/bootstrap.bundle.js.map","Selectors":[],"ResponseHeaders":[{"Name":"Cache-Control","Value":"max-age=31536000, immutable"},{"Name":"Content-Length","Value":"444579"},{"Name":"Content-Type","Value":"text/plain"},{"Name":"ETag","Value":"\"Wq4aWW1rQdJ+6oAgy1JQc9IBjHL9T3MKfXTBNqOv02c=\""},{"Name":"Last-Modified","Value":"Fri, 13 Feb 2026 13:52:35 GMT"}],"EndpointProperties":[{"Name":"fingerprint","Value":"6pdc2jztkx"},{"Name":"integrity","Value":"sha256-Wq4aWW1rQdJ+6oAgy1JQc9IBjHL9T3MKfXTBNqOv02c="},{"Name":"label","Value":"lib/bootstrap/dist/js/bootstrap.bundle.js.map"}]},{"Route":"lib/bootstrap/dist/js/bootstrap.bundle.js.map","AssetFile":"lib/bootstrap/dist/js/bootstrap.bundle.js.map","Selectors":[],"ResponseHeaders":[{"Name":"Cache-Control","Value":"no-cache"},{"Name":"Content-Length","Value":"444579"},{"Name":"Content-Type","Value":"text/plain"},{"Name":"ETag","Value":"\"Wq4aWW1rQdJ+6oAgy1JQc9IBjHL9T3MKfXTBNqOv02c=\""},{"Name":"Last-Modified","Value":"Fri, 13 Feb 2026 13:52:35 GMT"}],"EndpointProperties":[{"Name":"integrity","Value":"sha256-Wq4aWW1rQdJ+6oAgy1JQc9IBjHL9T3MKfXTBNqOv02c="}]},{"Route":"lib/bootstrap/dist/js/bootstrap.bundle.min.js.iovd86k7lj.map","AssetFile":"lib/bootstrap/dist/js/bootstrap.bundle.min.js.map","Selectors":[],"ResponseHeaders":[{"Name":"Cache-Control","Value":"max-age=31536000, immutable"},{"Name":"Content-Length","Value":"332090"},{"Name":"Content-Type","Value":"text/plain"},{"Name":"ETag","Value":"\"Xj4HYxZBQ7qqHKBwa2EAugRS+RHWzpcTtI49vgezUSU=\""},{"Name":"Last-Modified","Value":"Fri, 13 Feb 2026 13:52:35 GMT"}],"EndpointProperties":[{"Name":"fingerprint","Value":"iovd86k7lj"},{"Name":"integrity","Value":"sha256-Xj4HYxZBQ7qqHKBwa2EAugRS+RHWzpcTtI49vgezUSU="},{"Name":"label","Value":"lib/bootstrap/dist/js/bootstrap.bundle.min.js.map"}]},{"Route":"lib/bootstrap/dist/js/bootstrap.bundle.min.js.map","AssetFile":"lib/bootstrap/dist/js/bootstrap.bundle.min.js.map","Selectors":[],"ResponseHeaders":[{"Name":"Cache-Control","Value":"no-cache"},{"Name":"Content-Length","Value":"332090"},{"Name":"Content-Type","Value":"text/plain"},{"Name":"ETag","Value":"\"Xj4HYxZBQ7qqHKBwa2EAugRS+RHWzpcTtI49vgezUSU=\""},{"Name":"Last-Modified","Value":"Fri, 13 Feb 2026 13:52:35 GMT"}],"EndpointProperties":[{"Name":"integrity","Value":"sha256-Xj4HYxZBQ7qqHKBwa2EAugRS+RHWzpcTtI49vgezUSU="}]},{"Route":"lib/bootstrap/dist/js/bootstrap.esm.js","AssetFile":"lib/bootstrap/dist/js/bootstrap.esm.js","Selectors":[],"ResponseHeaders":[{"Name":"Cache-Control","Value":"no-cache"},{"Name":"Content-Length","Value":"140276"},{"Name":"Content-Type","Value":"text/javascript"},{"Name":"ETag","Value":"\"idJzCWndWIhl4ZZvXbuLRTe5wquRfykXbEiDpO7ZsFk=\""},{"Name":"Last-Modified","Value":"Fri, 13 Feb 2026 13:52:35 GMT"}],"EndpointProperties":[{"Name":"integrity","Value":"sha256-idJzCWndWIhl4ZZvXbuLRTe5wquRfykXbEiDpO7ZsFk="}]},{"Route":"lib/bootstrap/dist/js/bootstrap.esm.js.kbrnm935zg.map","AssetFile":"lib/bootstrap/dist/js/bootstrap.esm.js.map","Selectors":[],"ResponseHeaders":[{"Name":"Cache-Control","Value":"max-age=31536000, immutable"},{"Name":"Content-Length","Value":"305438"},{"Name":"Content-Type","Value":"text/plain"},{"Name":"ETag","Value":"\"EPRLgpqWkahLxEn6CUjdM76RIYIw1xdHwTbeHssuj/4=\""},{"Name":"Last-Modified","Value":"Fri, 13 Feb 2026 13:52:35 GMT"}],"EndpointProperties":[{"Name":"fingerprint","Value":"kbrnm935zg"},{"Name":"integrity","Value":"sha256-EPRLgpqWkahLxEn6CUjdM76RIYIw1xdHwTbeHssuj/4="},{"Name":"label","Value":"lib/bootstrap/dist/js/bootstrap.esm.js.map"}]},{"Route":"lib/bootstrap/dist/js/bootstrap.esm.js.map","AssetFile":"lib/bootstrap/dist/js/bootstrap.esm.js.map","Selectors":[],"ResponseHeaders":[{"Name":"Cache-Control","Value":"no-cache"},{"Name":"Content-Length","Value":"305438"},{"Name":"Content-Type","Value":"text/plain"},{"Name":"ETag","Value":"\"EPRLgpqWkahLxEn6CUjdM76RIYIw1xdHwTbeHssuj/4=\""},{"Name":"Last-Modified","Value":"Fri, 13 Feb 2026 13:52:35 GMT"}],"EndpointProperties":[{"Name":"integrity","Value":"sha256-EPRLgpqWkahLxEn6CUjdM76RIYIw1xdHwTbeHssuj/4="}]},{"Route":"lib/bootstrap/dist/js/bootstrap.esm.ltid2c489k.js","AssetFile":"lib/bootstrap/dist/js/bootstrap.esm.js","Selectors":[],"ResponseHeaders":[{"Name":"Cache-Control","Value":"max-age=31536000, immutable"},{"Name":"Content-Length","Value":"140276"},{"Name":"Content-Type","Value":"text/javascript"},{"Name":"ETag","Value":"\"idJzCWndWIhl4ZZvXbuLRTe5wquRfykXbEiDpO7ZsFk=\""},{"Name":"Last-Modified","Value":"Fri, 13 Feb 2026 13:52:35 GMT"}],"EndpointProperties":[{"Name":"fingerprint","Value":"ltid2c489k"},{"Name":"integrity","Value":"sha256-idJzCWndWIhl4ZZvXbuLRTe5wquRfykXbEiDpO7ZsFk="},{"Name":"label","Value":"lib/bootstrap/dist/js/bootstrap.esm.js"}]},{"Route":"lib/bootstrap/dist/js/bootstrap.esm.min.js.map","AssetFile":"lib/bootstrap/dist/js/bootstrap.esm.min.js.map","Selectors":[],"ResponseHeaders":[{"Name":"Cache-Control","Value":"no-cache"},{"Name":"Content-Length","Value":"222455"},{"Name":"Content-Type","Value":"text/plain"},{"Name":"ETag","Value":"\"Tsbv8z6VlNgVET8xvz/yLo/v5iJHTAj2J4hkhjP1rHM=\""},{"Name":"Last-Modified","Value":"Fri, 13 Feb 2026 13:52:35 GMT"}],"EndpointProperties":[{"Name":"integrity","Value":"sha256-Tsbv8z6VlNgVET8xvz/yLo/v5iJHTAj2J4hkhjP1rHM="}]},{"Route":"lib/bootstrap/dist/js/bootstrap.esm.min.js.y7v9cxd14o.map","AssetFile":"lib/bootstrap/dist/js/bootstrap.esm.min.js.map","Selectors":[],"ResponseHeaders":[{"Name":"Cache-Control","Value":"max-age=31536000, immutable"},{"Name":"Content-Length","Value":"222455"},{"Name":"Content-Type","Value":"text/plain"},{"Name":"ETag","Value":"\"Tsbv8z6VlNgVET8xvz/yLo/v5iJHTAj2J4hkhjP1rHM=\""},{"Name":"Last-Modified","Value":"Fri, 13 Feb 2026 13:52:35 GMT"}],"EndpointProperties":[{"Name":"fingerprint","Value":"y7v9cxd14o"},{"Name":"integrity","Value":"sha256-Tsbv8z6VlNgVET8xvz/yLo/v5iJHTAj2J4hkhjP1rHM="},{"Name":"label","Value":"lib/bootstrap/dist/js/bootstrap.esm.min.js.map"}]},{"Route":"lib/bootstrap/dist/js/bootstrap.js","AssetFile":"lib/bootstrap/dist/js/bootstrap.js","Selectors":[],"ResponseHeaders":[{"Name":"Cache-Control","Value":"no-cache"},{"Name":"Content-Length","Value":"149895"},{"Name":"Content-Type","Value":"text/javascript"},{"Name":"ETag","Value":"\"vqK8KwEVuWidx0Ddm5m5LyBriPDPl9TcjrKZQhkFSVA=\""},{"Name":"Last-Modified","Value":"Fri, 13 Feb 2026 13:52:35 GMT"}],"EndpointProperties":[{"Name":"integrity","Value":"sha256-vqK8KwEVuWidx0Ddm5m5LyBriPDPl9TcjrKZQhkFSVA="}]},{"Route":"lib/bootstrap/dist/js/bootstrap.js.h1s4sie4z3.map","AssetFile":"lib/bootstrap/dist/js/bootstrap.js.map","Selectors":[],"ResponseHeaders":[{"Name":"Cache-Control","Value":"max-age=31536000, immutable"},{"Name":"Content-Length","Value":"306606"},{"Name":"Content-Type","Value":"text/plain"},{"Name":"ETag","Value":"\"9Wr7Hxe8gCJDoIHh5xP29ldXvC3kN2GkifQj9c8vYx4=\""},{"Name":"Last-Modified","Value":"Fri, 13 Feb 2026 13:52:35 GMT"}],"EndpointProperties":[{"Name":"fingerprint","Value":"h1s4sie4z3"},{"Name":"integrity","Value":"sha256-9Wr7Hxe8gCJDoIHh5xP29ldXvC3kN2GkifQj9c8vYx4="},{"Name":"label","Value":"lib/bootstrap/dist/js/bootstrap.js.map"}]},{"Route":"lib/bootstrap/dist/js/bootstrap.js.map","AssetFile":"lib/bootstrap/dist/js/bootstrap.js.map","Selectors":[],"ResponseHeaders":[{"Name":"Cache-Control","Value":"no-cache"},{"Name":"Content-Length","Value":"306606"},{"Name":"Content-Type","Value":"text/plain"},{"Name":"ETag","Value":"\"9Wr7Hxe8gCJDoIHh5xP29ldXvC3kN2GkifQj9c8vYx4=\""},{"Name":"Last-Modified","Value":"Fri, 13 Feb 2026 13:52:35 GMT"}],"EndpointProperties":[{"Name":"integrity","Value":"sha256-9Wr7Hxe8gCJDoIHh5xP29ldXvC3kN2GkifQj9c8vYx4="}]},{"Route":"lib/bootstrap/dist/js/bootstrap.min.js.0j3bgjxly4.map","AssetFile":"lib/bootstrap/dist/js/bootstrap.min.js.map","Selectors":[],"ResponseHeaders":[{"Name":"Cache-Control","Value":"max-age=31536000, immutable"},{"Name":"Content-Length","Value":"220561"},{"Name":"Content-Type","Value":"text/plain"},{"Name":"ETag","Value":"\"ZI01e/ns473GKvACG4McggJdxvFfFIw4xspwQiG8Ye4=\""},{"Name":"Last-Modified","Value":"Fri, 13 Feb 2026 13:52:35 GMT"}],"EndpointProperties":[{"Name":"fingerprint","Value":"0j3bgjxly4"},{"Name":"integrity","Value":"sha256-ZI01e/ns473GKvACG4McggJdxvFfFIw4xspwQiG8Ye4="},{"Name":"label","Value":"lib/bootstrap/dist/js/bootstrap.min.js.map"}]},{"Route":"lib/bootstrap/dist/js/bootstrap.min.js.map","AssetFile":"lib/bootstrap/dist/js/bootstrap.min.js.map","Selectors":[],"ResponseHeaders":[{"Name":"Cache-Control","Value":"no-cache"},{"Name":"Content-Length","Value":"220561"},{"Name":"Content-Type","Value":"text/plain"},{"Name":"ETag","Value":"\"ZI01e/ns473GKvACG4McggJdxvFfFIw4xspwQiG8Ye4=\""},{"Name":"Last-Modified","Value":"Fri, 13 Feb 2026 13:52:35 GMT"}],"EndpointProperties":[{"Name":"integrity","Value":"sha256-ZI01e/ns473GKvACG4McggJdxvFfFIw4xspwQiG8Ye4="}]},{"Route":"lib/bootstrap/dist/js/bootstrap.u9q1upor1n.js","AssetFile":"lib/bootstrap/dist/js/bootstrap.js","Selectors":[],"ResponseHeaders":[{"Name":"Cache-Control","Value":"max-age=31536000, immutable"},{"Name":"Content-Length","Value":"149895"},{"Name":"Content-Type","Value":"text/javascript"},{"Name":"ETag","Value":"\"vqK8KwEVuWidx0Ddm5m5LyBriPDPl9TcjrKZQhkFSVA=\""},{"Name":"Last-Modified","Value":"Fri, 13 Feb 2026 13:52:35 GMT"}],"EndpointProperties":[{"Name":"fingerprint","Value":"u9q1upor1n"},{"Name":"integrity","Value":"sha256-vqK8KwEVuWidx0Ddm5m5LyBriPDPl9TcjrKZQhkFSVA="},{"Name":"label","Value":"lib/bootstrap/dist/js/bootstrap.js"}]}]}